table_name,rows,data_size_mb
account,15428,5
account_brand,0,0
activities_c,0,0
activities_history,0,0
address_history,0,0
agent_work,0,0
aiinsight_action,0,0
aiinsight_feedback,0,0
aiinsight_reason,0,0
aiinsight_value,0,0
ai_job_run,0,0
airecord_insight,0,0
analytics_user_attr_func_tkn,0,0
apex_error_log_c,1171,0
app_analytics_query_request,0,0
appointment_topic_time_slot,0,0
appointment_topic_time_slot_feed,0,0
appointment_topic_time_slot_history,0,0
approval,0,0
approval_submission,0,0
approval_submission_detail,0,0
approval_work_item,0,0
appt_bundle_aggr_dur_dnscale,0,0
appt_bundle_aggr_dur_dnscale_feed,0,0
appt_bundle_aggr_policy,0,0
appt_bundle_aggr_policy_feed,0,0
appt_bundle_config,0,0
appt_bundle_config_feed,0,0
appt_bundle_config_history,0,0
appt_bundle_policy,0,0
appt_bundle_policy_feed,0,0
appt_bundle_policy_svc_terr,0,0
appt_bundle_policy_svc_terr_feed,0,0
appt_bundle_propagate_policy,0,0
appt_bundle_propagate_policy_feed,0,0
appt_bundle_restrict_policy,0,0
appt_bundle_restrict_policy_feed,0,0
appt_bundle_sort_policy,0,0
appt_bundle_sort_policy_feed,0,0
asset_account_participant,0,0
asset_account_participant_feed,0,0
asset_account_participant_history,0,0
asset_contact_participant,0,0
asset_contact_participant_feed,0,0
asset_contact_participant_history,0,0
asset_downtime_period,0,0
asset_downtime_period_feed,0,0
asset_downtime_period_history,0,0
asset_warranty,0,0
asset_warranty_feed,0,0
asset_warranty_history,0,0
assigned_resource,0,0
assigned_resource_feed,0,0
assigned_resource_history,0,0
async_operation_tracker,0,0
attribute_definition,0,0
attribute_definition_feed,0,0
attribute_definition_history,0,0
attribute_picklist,0,0
attribute_picklist_feed,0,0
attribute_picklist_history,0,0
attribute_picklist_value,0,0
attribute_picklist_value_feed,0,0
attribute_picklist_value_history,0,0
background_operation,0,0
bid_c,1,0
business_brand,0,0
campaign,74,0
campaign_collaterals_c,0,0
campaign_member,16409,5
case,12661,37
case_comment,920,0
case_external_document,0,0
case_history,38962,4
case_solution,2,0
case_status,19,0
case_status_tat_c,2634,0
case_status_tat_history,846,0
case_team_member,0,0
category_data,0,0
collaboration_room,0,0
contact,15035,6
contact_point_type_consent,0,0
contact_point_type_consent_history,0,0
contact_request,0,0
content_taxonomy,0,0
content_taxonomy_related_term,0,0
content_taxonomy_term,0,0
content_taxonomy_term_related_term,0,0
content_taxonomy_term_relationship_type,1,0
contract,0,0
contract_contact_role,0,0
contract_feed,0,0
contract_history,0,0
contract_line_item,0,0
contract_line_item_feed,0,0
contract_line_item_history,0,0
contract_line_outcome,0,0
contract_line_outcome_data,0,0
contract_line_outcome_feed,0,0
contract_line_outcome_history,0,0
conversation_api_log,0,0
conversation_api_log_obj_sum,0,0
conversation_context_entry,0,0
conv_message_send_request,0,0
credit_note_c,0,0
credit_note_history,0,0
customer,0,0
data_assessment_field_metric,0,0
data_assessment_metric,0,0
data_assessment_value_metric,0,0
delegated_account,0,0
delegated_account_feed,0,0
delegated_account_history,0,0
digital_signature,0,0
discount_master_c,0,0
document_recipient,0,0
document_recipient_feed,0,0
do_header_c,8982,2
do_header_history,6153,1
do_line_c,5382,2
do_line_history,41067,5
dp_account_transaction_c,0,0
dp_affected_serial_number_c,0,0
dp_order_c,616,0
dp_order_history,12,0
dp_order_line_item_c,798,0
dp_order_line_item_history,324,0
dp_portal_price_c,819,0
dp_portal_price_history,1638,0
dp_secondary_data_c,3269,1
dp_secondary_data_history,0,0
duplicate_record_item,1089,0
duplicate_record_set,223,0
dynamic_data_capture,0,0
dynamic_data_capture_feed,0,0
dynamic_data_capture_history,0,0
email_message,343390,589
entitlement,1,0
entitlement_contact,0,0
entitlement_feed,0,0
entitlement_history,1,0
entity_definition,2065,1
entity_milestone,0,0
entity_milestone_feed,0,0
entity_milestone_history,0,0
entity_particle,31836,10
et_4_ae_5_et_4_ae_config_c,2,0
et_4_ae_5_et_4_aeconfig_c,0,0
expense,0,0
expense_feed,0,0
expense_history,0,0
expense_report,0,0
expense_report_entry,0,0
expense_report_entry_feed,0,0
expense_report_entry_history,0,0
expense_report_feed,0,0
expense_report_history,0,0
field_definition,28345,8
fivetran_api_call,1591682,527
fivetran_dependent_picklist_relation,4772,0
fivetran_formula,180,0
fivetran_formula_failure_reason,24,0
fivetran_formula_model,589,0
fivetran_picklist_field,1569,0
fivetran_picklist_field_value,46966,2
fivetran_query,237418,235
fivetran_rollup_summary,16,0
fivetran_rollup_summary_filter,3,0
flow_orchestration,30,0
flow_orchestration_version,30,0
flow_record,165,0
flow_record_element,2462,0
flow_record_element_occurrence,493,0
flow_record_version,287,0
flow_record_version_occurrence,196,0
flow_test_result,0,0
geolocation_based_action,0,0
geolocation_based_action_feed,0,0
geolocation_based_action_history,0,0
image,0,0
image_feed,0,0
image_history,0,0
inv_header_c,1114,0
inv_header_history,1369,0
inv_line_c,50655,13
inv_line_history,33168,3
job_profile,0,0
job_profile_feed,0,0
job_profile_history,0,0
knowledge_article_version_history,0,0
knowledge_data_category_selection,0,0
knowledge_feed,0,0
lead,184550,138
lead_feed,8968,1
lead_history,417862,49
linked_article,0,0
linked_article_feed,0,0
linked_article_history,0,0
list_email,0,0
list_email_individual_recipient,0,0
list_email_recipient_source,0,0
list_email_sent_result,0,0
live_agent_session,0,0
live_agent_session_history,0,0
live_chat_transcript,0,0
live_chat_transcript_event,0,0
live_chat_transcript_feed,0,0
live_chat_transcript_history,0,0
live_chat_transcript_skill,0,0
live_chat_visitor,0,0
location_trust_measure,0,0
maintenance_asset,0,0
maintenance_asset_feed,0,0
maintenance_asset_history,0,0
maintenance_plan,0,0
maintenance_plan_feed,0,0
maintenance_plan_history,0,0
maintenance_work_rule,0,0
maintenance_work_rule_feed,0,0
maintenance_work_rule_history,0,0
messaging_delivery_error,0,0
messaging_end_user,0,0
messaging_end_user_history,0,0
messaging_session,0,0
messaging_session_feed,0,0
messaging_session_history,0,0
messaging_session_metrics,0,0
ml_feature_value_metric,0,0
mlmodel,0,0
mlmodel_factor,0,0
mlmodel_factor_component,0,0
mlmodel_metric,0,0
monthly_pricing_c,2,0
monthly_pricing_history,2,0
operating_hours,0,0
operating_hours_feed,0,0
operating_hours_history,0,0
operating_hours_holiday,0,0
operating_hours_holiday_feed,0,0
operating_hours_holiday_history,0,0
opportunity,26464,13
opportunity_line_item,7,0
opportunity_stage,13,0
order,0,0
order_item,0,0
partner_fund_allocation,0,0
partner_fund_allocation_feed,0,0
partner_fund_allocation_history,0,0
partner_fund_claim,0,0
partner_fund_claim_feed,0,0
partner_fund_claim_history,0,0
partner_fund_request,0,0
partner_fund_request_feed,0,0
partner_fund_request_history,0,0
partner_marketing_budget,0,0
partner_marketing_budget_feed,0,0
partner_marketing_budget_history,0,0
party_consent,0,0
party_consent_feed,0,0
party_consent_history,0,0
payment_c,0,0
payment_history,0,0
pending_service_routing,0,0
pending_service_routing_interaction_info,0,0
pricebook_2,7,0
pricebook_entry,22673,4
process_exception,0,0
product_2,3887,1
product_catalog,0,0
product_catalog_feed,0,0
product_catalog_history,0,0
product_category,0,0
product_category_feed,0,0
product_category_history,0,0
product_category_product,0,0
product_category_product_history,0,0
product_component_group,0,0
product_component_group_feed,0,0
product_component_group_history,0,0
product_config_flow_assignment,0,0
product_configuration_flow,0,0
product_configuration_flow_feed,0,0
product_configuration_flow_history,0,0
product_consumed,0,0
product_consumed_feed,0,0
product_consumed_history,0,0
product_consumed_state,0,0
product_consumed_state_history,0,0
product_item,0,0
product_item_feed,0,0
product_item_history,0,0
product_item_transaction,0,0
product_item_transaction_feed,0,0
product_item_transaction_history,0,0
product_related_component,0,0
product_relationship_type,4,0
product_request,0,0
product_request_feed,0,0
product_request_history,0,0
product_request_line_item,0,0
product_request_line_item_feed,0,0
product_request_line_item_history,0,0
product_required,0,0
product_required_feed,0,0
product_required_history,0,0
product_review_c,0,0
product_selling_model,0,0
product_selling_model_feed,0,0
product_selling_model_history,0,0
product_selling_model_option,0,0
product_service_campaign,0,0
product_service_campaign_feed,0,0
product_service_campaign_history,0,0
product_service_campaign_item,0,0
product_service_campaign_item_feed,0,0
product_service_campaign_item_history,0,0
product_transfer,0,0
product_transfer_feed,0,0
product_transfer_history,0,0
product_transfer_state,0,0
product_transfer_state_history,0,0
product_warranty_term,0,0
product_warranty_term_feed,0,0
product_warranty_term_history,0,0
prompt_action,0,0
prompt_error,0,0
proration_policy,0,0
pw_c_feedback_c,77,0
pw_c_feedback_feed,0,0
pw_c_feedback_history,0,0
quote,15804,20
quote_document,1,0
quote_feed,1,0
quote_history,929,0
quote_line_item,20678,9
quote_line_item_history,1128,0
received_document,0,0
received_document_feed,0,0
received_document_history,0,0
received_document_type,0,0
received_document_type_feed,0,0
received_document_type_history,0,0
recordset_filter_criteria,0,0
recordset_filter_criteria_feed,0,0
recordset_filter_criteria_history,0,0
recordset_filter_criteria_rule,0,0
recordset_fltr_crit_monitor,0,0
recordset_fltr_crit_monitor_feed,0,0
recordset_fltr_crit_monitor_history,0,0
record_type,85,0
resource_absence,0,0
resource_absence_feed,0,0
resource_absence_history,0,0
resource_preference,0,0
resource_preference_feed,0,0
resource_preference_history,0,0
return_order,0,0
return_order_feed,0,0
return_order_history,0,0
return_order_line_item,0,0
return_order_line_item_feed,0,0
return_order_line_item_history,0,0
revenue_async_operation,0,0
revenue_transaction_error_log,0,0
salesforce_contract_feed,0,0
salesforce_invoice_feed,0,0
salesforce_quote_feed,0,0
sales_office_c,58,0
sansancard_scan_to_salesforce_setting_c,0,0
sansancard_sscard_c,3,0
sansancard_transfer_meta_c,0,0
scheduling_constraint,0,0
scheduling_workspace,0,0
scheduling_workspace_feed,0,0
scheduling_workspace_territory,0,0
scheduling_workspace_territory_feed,0,0
scorecard,0,0
scorecard_association,0,0
scorecard_metric,0,0
search_activity,0,0
search_promotion_rule,0,0
seller,0,0
seller_history,0,0
sendon_whatsapp_template_c,0,0
sendon_whatsapp_template_history,0,0
serialized_product,0,0
serialized_product_feed,0,0
serialized_product_history,0,0
serialized_product_transaction,0,0
serialized_product_transaction_feed,0,0
serialized_product_transaction_history,0,0
service_appointment,0,0
service_appointment_capacity_usage,0,0
service_appointment_capacity_usage_feed,0,0
service_appointment_capacity_usage_history,0,0
service_appointment_feed,0,0
service_appointment_history,0,0
service_contract,0,0
service_contract_feed,0,0
service_contract_history,0,0
service_crew,0,0
service_crew_feed,0,0
service_crew_history,0,0
service_crew_member,0,0
service_crew_member_feed,0,0
service_crew_member_history,0,0
service_report,0,0
service_report_history,0,0
service_resource,0,0
service_resource_capacity,0,0
service_resource_capacity_feed,0,0
service_resource_capacity_history,0,0
service_resource_feed,0,0
service_resource_history,0,0
service_resource_preference,0,0
service_resource_preference_feed,0,0
service_resource_preference_history,0,0
service_resource_skill,0,0
service_resource_skill_feed,0,0
service_resource_skill_history,0,0
service_setup_provisioning,99,0
service_territory,0,0
service_territory_feed,0,0
service_territory_history,0,0
service_territory_location,0,0
service_territory_location_feed,0,0
service_territory_location_history,0,0
service_territory_member,0,0
service_territory_member_feed,0,0
service_territory_member_history,0,0
setup_assistant_step,4,0
sfssdupe_catcher_application_properties_c,0,0
sfssdupe_catcher_application_settings_c,0,0
sfssdupe_catcher_application_settings_history,0,0
sfssdupe_catcher_dc_in_c,0,0
sfssdupe_catcher_duplicate_warning_c,0,0
sfssdupe_catcher_override_cache_c,0,0
sfssdupe_catcher_potential_duplicate_c,0,0
sfssdupe_catcher_required_field_support_c,0,0
sfssdupe_catcher_scenario_c,3,0
sfssdupe_catcher_scenario_history,0,0
sfssdupe_catcher_scenario_rule_c,3,0
sfssdupe_catcher_web_to_lead_sources_c,0,0
sharing_record_collection,0,0
sharing_record_collection_item,0,0
sharing_record_collection_member,0,0
shift,0,0
shift_feed,0,0
shift_history,0,0
shift_pattern,0,0
shift_pattern_entry,0,0
shift_pattern_entry_feed,0,0
shift_pattern_entry_history,0,0
shift_pattern_feed,0,0
shift_pattern_history,0,0
shift_template,0,0
shipment,0,0
shipment_feed,0,0
shipment_history,0,0
shipment_item,0,0
shipment_item_feed,0,0
shipment_item_history,0,0
skill_requirement,0,0
skill_requirement_feed,0,0
skill_requirement_history,0,0
so_header_c,600,0
so_header_history,1,0
so_line_c,797,0
so_line_history,7,0
stock_c,7344,2
streaming_channel,0,0
survey,2,0
survey_engagement_context,0,0
survey_feed,0,0
survey_invitation,0,0
survey_page,2,0
survey_question,4,0
survey_question_choice,5,0
survey_question_response,0,0
survey_question_score,0,0
survey_response,0,0
survey_subject,0,0
survey_version,2,0
survey_version_addl_info,0,0
swarm,0,0
swarm_feed,0,0
swarm_history,0,0
swarm_member,0,0
swarm_member_feed,0,0
swarm_member_history,0,0
technical_information_c,4,0
technical_information_history,0,0
tenant_entitlement_transaction,0,0
tenant_usage_type_multiplier,0,0
territory_admin_assignment,0,0
time_sheet,0,0
time_sheet_entry,0,0
time_sheet_entry_feed,0,0
time_sheet_entry_history,0,0
time_sheet_feed,0,0
time_sheet_history,0,0
time_slot,0,0
time_slot_history,0,0
toec_c,4,0
toec_history,0,0
toec_participant_c,0,0
toec_participant_history,0,0
tour_c,53,0
tour_history,0,0
travel_mode,0,0
travel_mode_feed,0,0
trigger_settings_c,2,0
unit_of_measure,0,0
user,508,0
user_defined_label,0,0
user_defined_label_assignment,0,0
user_local_web_server_identity,0,0
user_prov_account,0,0
user_prov_account_staging,0,0
user_provisioning_log,0,0
user_provisioning_request,0,0
user_prov_mock_target,0,0
user_service_presence,0,0
video_call,0,0
video_call_feed,0,0
video_call_participant,0,0
video_call_recording,0,0
voice_call,0,0
voice_call_feed,0,0
voice_call_recording,0,0
vs_competitor_c,40,0
vs_ds_watt_peak_values_c,3772,1
vs_ds_watt_peak_values_history,0,0
vs_exception_log_c,0,0
vs_inco_term_c,459,0
vs_invoice_c,1271,0
vs_isd_codes_c,220,0
vs_opportunity_competitor_c,10,0
vs_payment_term_c,319,0
vs_pricing_condition_c,26526,4
vs_pricing_condition_history,0,0
vs_product_norms_c,324,0
vs_product_norms_history,0,0
vs_profile_based_discount_c,209,0
vs_profile_based_discount_history,690,0
vs_run_lead_trigger_c,1,0
vs_sales_order_c,9007,3
vs_sales_order_history,0,0
vs_sales_order_line_item_c,13267,2
vs_sales_order_release_c,8872,1
vs_tax_c,64,0
vs_tax_history,0,0
vs_wallet_c,233,0
vs_wallet_history,3221,0
vs_watt_peak_values_export_c,30057,6
vs_watt_peak_values_export_history,756,0
vs_watt_peak_values_international_c,10164,2
vs_watt_peak_values_international_history,1038,0
vs_wattpick_value_c,80177,17
vs_wattpick_value_history,1541,0
warranty_term,0,0
warranty_term_feed,0,0
warranty_term_history,0,0
watt_peak_values_exus_c,7343,1
watt_peak_values_exus_history,0,0
web_link,48,0
work_capacity_availability,0,0
work_capacity_availability_feed,0,0
work_capacity_limit,0,0
work_capacity_limit_feed,0,0
work_capacity_limit_history,0,0
work_capacity_usage,0,0
work_capacity_usage_feed,0,0
work_order,0,0
work_order_feed,0,0
work_order_history,0,0
work_order_line_item,0,0
work_order_line_item_feed,0,0
work_order_line_item_history,0,0
work_plan,0,0
work_plan_feed,0,0
work_plan_history,0,0
work_plan_selection_rule,0,0
work_plan_selection_rule_feed,0,0
work_plan_selection_rule_history,0,0
work_plan_template,0,0
work_plan_template_entry,0,0
work_plan_template_entry_feed,0,0
work_plan_template_entry_history,0,0
work_plan_template_feed,0,0
work_plan_template_history,0,0
work_step,0,0
work_step_feed,0,0
work_step_history,0,0
work_step_template,0,0
work_step_template_feed,0,0
work_step_template_history,0,0
work_type,0,0
work_type_feed,0,0
work_type_group,0,0
work_type_group_feed,0,0
work_type_group_history,0,0
work_type_group_member,0,0
work_type_group_member_feed,0,0
work_type_group_member_history,0,0
work_type_history,0,0
